{
    "header": [{
        "name": "device_selector",
        "active": true
    }],
    "body": [{
        "name": "test_module",
        "active": false
    }, {
        "name": "device_info",
        "active": false
    }, {
        "name": "device_info_fw",
        "active": true
    }, {
        "name": "device_overview",
        "active": false
    }, {
        "name": "dashboard",
        "active": true
    }, {
        "name": "dashboard_logger",
        "active": false
    }, {
        "name": "digital_io_config",
        "active": false
    }, {
        "name": "digital_io_fw",
        "active": false
    }, {
        "name": "analog_inputs",
        "active": false
    }, {
        "name": "analog_inputs_fw",
        "active": true
    }, {
        "name": "analog_outputs",
        "active": false
    }, {
        "name": "analog_outputs_fw",
        "active": true
    }, {
        "name": "thermocouple_simple",
        "active": false
    }, {
        "name": "network_configuration",
        "active": false
    }, {
        "name": "module_manager",
        "active": false
    }, {
        "name": "data_logger",
        "active": false
    }, {
        "name": "register_matrix_fw",
        "active": true
    }, {
        "name": "register_matrix",
        "active": false
    }, {
        "name": "lua_script_debugger",
        "active": true
    }, {
        "name": "network_settings",
        "active": true
    }, {
        "name": "reset",
        "active": false
    }, {
        "name": "global_config_fw",
        "active": true
    }, {
        "name": "set_defaults",
        "active": false
    }, {
        "name": "powerup_defaults_fw",
        "active": true
    }, {
        "name": "simple_logger",
        "description": "A starting point for the device logger.",
        "active": false
    }, {
        "name": "file_browser_fw",
        "description":"A SD Card file browser for the  T7.",
        "active": false
    }, {
        "name": "simple_logger_flot",
        "active": false
    }, {
        "name": "simple_logger_epoch",
        "active": false
    }, {
        "name": "device_updater",
        "active": false
    }, {
        "name": "device_updater_fw",
        "active": true
    }, {
        "name": "tab_notification_manager",
        "active": true,
        "isTask": true
    }, {
        "name": "update_manager",
        "active": true,
        "isTask": true
    }, {
        "name": "device_updater_service",
        "active": true,
        "isTask": true
    }, {
        "name": "kipling_updater_service",
        "active": true,
        "isTask": true
    }, {
        "name": "register_finder",
        "active": false,
        "isTask": true
    }, {
        "name": "task_data_output_buffer",
        "active": false,
        "isTask": true
    }, {
        "name": "task_simple_logger_collector",
        "active": false,
        "isTask": true
    }, {
        "name": "task_ljm_controller",
        "active": false,
        "isTask": true
    }],
    "footer": [{
        "name": "error_codes_temp",
        "active": false
    }, {
        "name": "settings",
        "active": true
    }]
}