{
 "header":
 {
   "filename":"ljm_constants.json",
   "version":"2013.06.19.A",
   "checksum":"-1",
   "support_url":"http://labjack.com/support/modbus",
   "tags_base_url":"http://labjack.com/support/modbus/tags"
 },

 "registers":
 [
   {"address":0, "name":"AIN#(0:254)", "type":"FLOAT32", "devices":["U3", "U6", "T7", "UE9"], "readwrite":"R", "tags":["AIN"], "streamable":true, "displayname":["Analog In #"], "description":"Returns the voltage of the specified analog input."},
   {"address":1000, "name":"DAC#(0:1)", "type":"FLOAT32", "devices":["U3", "U6", "T7", "UE9"], "readwrite":"RW", "tags":["DAC"], "displayname":["Analog Out #"], "description":"Pass a voltage for the specified analog output."},
   {"address":2000, "name":"FIO#(0:7)", "type":"UINT16", "devices":["U3", "U6", "T7", "UE9"], "readwrite":"RW", "tags":["DIO"], "altnames":["DIO#(0:7)"], "description":"Read or set the state of 1 bit of digital I/O.  Also configures the direction to input or output."},
   {"address":2008, "name":"EIO#(0:7)", "type":"UINT16", "devices":["U3", "U6", "T7", "UE9"], "readwrite":"RW", "tags":["DIO"], "altnames":["DIO#(8:15)"], "description":"Read or set the state of 1 bit of digital I/O.  Also configures the direction to input or output."},
   {"address":2016, "name":"CIO#(0:3)", "type":"UINT16", "devices":["U3", "U6", "T7", "UE9"], "readwrite":"RW", "tags":["DIO"], "altnames":["DIO#(16:19)"], "description":"Read or set the state of 1 bit of digital I/O.  Also configures the direction to input or output."},
   {"address":2020, "name":"MIO#(0:2)", "type":"UINT16", "devices":["U6", "T7", "UE9"], "readwrite":"RW", "tags":["DIO"], "altnames":["DIO#(20:22)"], "description":"Read or set the state of 1 bit of digital I/O.  Also configures the direction to input or output."},

   {"address":2500, "name":"FIO_STATE", "type":"UINT16", "devices":[{"device":"T7", "fwmin":0.9402}], "readwrite":"RW", "tags":["DIO"], "displayname":["FIO Port State"], "description":"Read or write the state of the 8 bits of FIO in a single binary-encoded value.  Does not configure direction.  A read of an output returns the current logic level on the terminal, not necessarily the output state written.  The upper 8-bits of this value are inhibits."},
   {"address":2501, "name":"EIO_STATE", "type":"UINT16", "devices":[{"device":"T7", "fwmin":0.9402}], "readwrite":"RW", "tags":["DIO"], "displayname":["EIO Port State"], "description":"Read or write the state of the 8 bits of EIO in a single binary-encoded value.  Does not configure direction.  A read of an output returns the current logic level on the terminal, not necessarily the output state written.  The upper 8-bits of this value are inhibits."},
   {"address":2502, "name":"CIO_STATE", "type":"UINT16", "devices":[{"device":"T7", "fwmin":0.9402}], "readwrite":"RW", "tags":["DIO"], "displayname":["CIO Port State"], "description":"Read or write the state of the 4 bits of CIO in a single binary-encoded value.  Does not configure direction.  A read of an output returns the current logic level on the terminal, not necessarily the output state written.  The upper 8-bits of this value are inhibits."},
   {"address":2503, "name":"MIO_STATE", "type":"UINT16", "devices":[{"device":"T7", "fwmin":0.9402}], "readwrite":"RW", "tags":["DIO"], "displayname":["MIO Port State"], "description":"Read or write the state of the 3 bits of MIO in a single binary-encoded value.  Does not configure direction.  A read of an output returns the current logic level on the terminal, not necessarily the output state written.  The upper 8-bits of this value are inhibits."},
   {"address":2600, "name":"FIO_DIRECTION", "type":"UINT16", "devices":[{"device":"T7", "fwmin":0.9402}], "readwrite":"RW", "tags":["DIO"], "displayname":["FIO Port Direction"], "description":"Read or write the direction of the 8 bits of FIO in a single binary-encoded value.  0=Input and 1=Output.  The upper 8-bits of this value are inhibits."},
   {"address":2601, "name":"EIO_DIRECTION", "type":"UINT16", "devices":[{"device":"T7", "fwmin":0.9402}], "readwrite":"RW", "tags":["DIO"], "displayname":["EIO Port Direction"], "description":"Read or write the direction of the 8 bits of EIO in a single binary-encoded value.  0=Input and 1=Output.  The upper 8-bits of this value are inhibits."},
   {"address":2602, "name":"CIO_DIRECTION", "type":"UINT16", "devices":[{"device":"T7", "fwmin":0.9402}], "readwrite":"RW", "tags":["DIO"], "displayname":["CIO Port Direction"], "description":"Read or write the direction of the 4 bits of CIO in a single binary-encoded value.  0=Input and 1=Output.  The upper 8-bits of this value are inhibits."},
   {"address":2603, "name":"MIO_DIRECTION", "type":"UINT16", "devices":[{"device":"T7", "fwmin":0.9402}], "readwrite":"RW", "tags":["DIO"], "displayname":["MIO Port Direction"], "description":"Read or write the direction of the 3 bits of MIO in a single binary-encoded value.  0=Input and 1=Output.  The upper 8-bits of this value are inhibits."},
   {"address":2800, "name":"DIO_STATE", "type":"UINT32", "devices":["T7"], "readwrite":"RW", "tags":["DIO"], "description":"Read or write the state of all digital I/O in a single binary-encoded value.  Does not configure direction.  A read of an output returns the current logic level on the terminal, not necessarily the output state written.  Writes only apply to bits with mask set."},
   {"address":2850, "name":"DIO_DIRECTION", "type":"UINT32", "devices":["T7"], "readwrite":"RW", "tags":["DIO"], "description":"Read or write the direction of all digital I/O in a single binary-encoded value.  0=Input and 1=Output.  Writes only apply to bits with mask set."},
   {"address":2900, "name":"DIO_INHIBIT", "type":"UINT32", "devices":["T7"], "readwrite":"RW", "tags":["DIO"], "description":"A single binary-encoded value where each bit determines whether _STATE or _DIRECTION writes affect that bit of digital I/O.  0=Default=Affected, 1=Ignored."},

   {"address":40000, "name":"AIN#(0:254)_RANGE", "type":"FLOAT32", "devices":[{"device":"T7", "description":"Valid values/ranges:  0.0=Default=> +/-10V, 10.0=> +/-10V, 1.0=> +/-1V, 0.1=> +/-0.1V, or 0.01=> +/-0.01V."}], "readwrite":"RW", "default":0, "tags":["AIN"], "description":"The input range of each analog input."},
   {"address":41000, "name":"AIN#(0:254)_NEGATIVE_CH", "type":"UINT16", "devices":[{"device":"T7", "description":"For base differential channels, positive must be even channel from 0-12 and negative must be positive+1.  For extended channels 16-127, see Mux80 datasheet."}], "readwrite":"RW", "default":199, "tags":["AIN"], "description":"Specifies the negative channel to be used for each positive channel.  199=Default=> Single-Ended."},
   {"address":41500, "name":"AIN#(0:254)_RESOLUTION_INDEX", "type":"UINT16", "devices":[{"device":"T7", "description":"Valid values:  1-8 for T7, 1-12 for T7-Pro.  0=Default=> 8 (T7) or 9 (T7-Pro)."}], "readwrite":"RW", "default":0, "tags":["AIN"], "description":"The resolution index for each analog input.  A larger resolution index generally results in lower noise and longer sample times."},

   {"address":48003, "name":"POWER_ETHERNET", "type":"UINT16", "devices":[{"device":"T7", "fwmin":0.86}], "readwrite":"RW", "tags":["CONFIG", "ETHERNET"], "description":"The current ON/OFF state of the Ethernet module. Provided to optionally reduce power consumption."},
   {"address":48004, "name":"POWER_WIFI", "type":"UINT16", "devices":[{"device":"T7", "fwmin":0.86}], "readwrite":"RW", "tags":["CONFIG", "WIFI"], "description":"The current ON/OFF state of the WiFi module. Provided to optionally reduce power consumption."},
   {"address":48005, "name":"POWER_AIN", "type":"UINT16", "devices":[{"device":"T7", "fwmin":0.86}], "readwrite":"RW", "tags":["CONFIG", "AIN"], "description":"The current ON/OFF state of the analog input module. Provided to optionally reduce power consumption."},
   {"address":48006, "name":"POWER_LED", "type":"UINT16", "devices":[{"device":"T7", "fwmin":0.86}], "readwrite":"RW", "tags":["CONFIG", "WIFI"], "description":"The current ON/OFF state of the LEDs. Provided to optionally reduce power consumption."},
   {"address":48053, "name":"POWER_ETHERNET_DEFAULT", "type":"UINT16", "devices":[{"device":"T7", "fwmin":0.86}], "readwrite":"RW", "tags":["CONFIG", "ETHERNET"], "description":"The ON/OFF state of the Ethernet module after a power-cycle to the device."},
   {"address":48054, "name":"POWER_WIFI_DEFAULT", "type":"UINT16", "devices":[{"device":"T7", "fwmin":0.86}], "readwrite":"RW", "tags":["CONFIG", "WIFI"], "description":"The ON/OFF state of the WiFi module after a power-cycle to the device."},
   {"address":48055, "name":"POWER_AIN_DEFAULT", "type":"UINT16", "devices":[{"device":"T7", "fwmin":0.86}], "readwrite":"RW", "tags":["CONFIG", "AIN"], "description":"The ON/OFF state of the analog input module after a power-cycle to the device."},
   {"address":48056, "name":"POWER_LED_DEFAULT", "type":"UINT16", "devices":[{"device":"T7", "fwmin":0.86}], "readwrite":"RW", "tags":["CONFIG", "WIFI"], "description":"The ON/OFF state of the LEDs after a power-cycle to the device."},

   {"address":49100, "name":"ETHERNET_IP", "type":"UINT32", "devices":["T7"], "readwrite":"R", "tags":["ETHERNET"], "description":"Read the current IP address of wired Ethernet."},
   {"address":49102, "name":"ETHERNET_SUBNET", "type":"UINT32", "devices":["T7"], "readwrite":"R", "tags":["ETHERNET"], "description":"Read the current subnet of wired Ethernet."},
   {"address":49104, "name":"ETHERNET_GATEWAY", "type":"UINT32", "devices":["T7"], "readwrite":"R", "tags":["ETHERNET"], "description":"Read the current gateway of wired Ethernet."},
   {"address":49106, "name":"ETHERNET_DNS", "type":"UINT32", "devices":["T7"], "readwrite":"R", "tags":["ETHERNET"], "description":"Read the current DNS of wired Ethernet."},
   {"address":49108, "name":"ETHERNET_ALTDNS", "type":"UINT32", "devices":["T7"], "readwrite":"R", "tags":["ETHERNET"], "description":"Read the current Alt DNS of wired Ethernet."},
   {"address":49110, "name":"ETHERNET_DHCP_ENABLE", "type":"UINT16", "devices":["T7"], "readwrite":"R", "tags":["ETHERNET"], "description":"Read the current Enabled/Disabled state of Ethernet DHCP."},

   {"address":49150, "name":"ETHERNET_IP_DEFAULT", "type":"UINT32", "devices":["T7"], "readwrite":"RW", "tags":["ETHERNET"], "description":"The IP address of wired Ethernet after a power-cycle to the device."},
   {"address":49152, "name":"ETHERNET_SUBNET_DEFAULT", "type":"UINT32", "devices":["T7"], "readwrite":"RW", "tags":["ETHERNET"], "description":"The subnet of wired Ethernet after a power-cycle to the device."},
   {"address":49154, "name":"ETHERNET_GATEWAY_DEFAULT", "type":"UINT32", "devices":["T7"], "readwrite":"RW", "tags":["ETHERNET"], "description":"The gateway of wired Ethernet after a power-cycle to the device."},
   {"address":49156, "name":"ETHERNET_DNS_DEFAULT", "type":"UINT32", "devices":["T7"], "readwrite":"RW", "tags":["ETHERNET"], "description":"The DNS of wired Ethernet after a power-cycle to the device."},
   {"address":49158, "name":"ETHERNET_ALTDNS_DEFAULT", "type":"UINT32", "devices":["T7"], "readwrite":"RW", "tags":["ETHERNET"], "description":"The Alt DNS of wired Ethernet after a power-cycle to the device."},
   {"address":49160, "name":"ETHERNET_DHCP_ENABLE_DEFAULT", "type":"UINT16", "devices":["T7"], "readwrite":"RW", "tags":["ETHERNET"], "description":"The Enabled/Disabled state of Ethernet DHCP after a power-cycle to the device."},

   {"address":49200, "name":"WIFI_IP", "type":"UINT32", "devices":["T7"], "readwrite":"R", "tags":["WIFI"], "description":"Read the current IP address of WiFi."},
   {"address":49202, "name":"WIFI_SUBNET", "type":"UINT32", "devices":["T7"], "readwrite":"R", "tags":["WIFI"], "description":"Read the current subnet of WiFi."},
   {"address":49204, "name":"WIFI_GATEWAY", "type":"UINT32", "devices":["T7"], "readwrite":"R", "tags":["WIFI"], "description":"Read the current gateway of WiFi."},
   {"address":49210, "name":"WIFI_DHCP_ENABLE", "type":"UINT16", "devices":[{"device":"T7", "fwmin":0.9014}], "readwrite":"R", "tags":["WIFI"], "description":"Read the current Enabled/Disabled state of WiFi DHCP."},
   {"address":49300, "name":"WIFI_SSID", "type":"STRING", "devices":["T7"], "readwrite":"R", "tags":["WIFI"], "description":"Read the current SSID (network name) of WiFi"},

   {"address":49250, "name":"WIFI_IP_DEFAULT", "type":"UINT32", "devices":["T7"], "readwrite":"RW", "tags":["WIFI"], "description":"The new IP address of WiFi. Use WIFI_APPLY_SETTINGS."},
   {"address":49252, "name":"WIFI_SUBNET_DEFAULT", "type":"UINT32", "devices":["T7"], "readwrite":"RW", "tags":["WIFI"], "description":"The new subnet of WiFi.  Use WIFI_APPLY_SETTINGS."},
   {"address":49254, "name":"WIFI_GATEWAY_DEFAULT", "type":"UINT32", "devices":["T7"], "readwrite":"RW", "tags":["WIFI"], "description":"The new gateway of WiFi. Use WIFI_APPLY_SETTINGS."},
   {"address":49260, "name":"WIFI_DHCP_ENABLE_DEFAULT", "type":"UINT16", "devices":[{"device":"T7", "fwmin":0.9014}], "readwrite":"RW", "tags":["WIFI"], "description":"The new Enabled/Disabled state of WiFi DHCP. Use WIFI_APPLY_SETTINGS"},
   {"address":49325, "name":"WIFI_SSID_DEFAULT", "type":"STRING", "devices":["T7"], "readwrite":"RW", "tags":["WIFI"], "description":"The new SSID (network name) of WiFi. Use WIFI_APPLY_SETTINGS."},
   {"address":49350, "name":"WIFI_PASSWORD_DEFAULT", "type":"STRING", "devices":["T7"], "readwrite":"W", "tags":["WIFI"], "description":"Write the password for the WiFi network, then use WIFI_APPLY_SETTINGS."},
   {"address":49400, "name":"WIFI_APPLY_SETTINGS", "type":"UINT32", "devices":["T7"], "readwrite":"W", "tags":["WIFI"], "description":"Apply all new WiFi settings: IP, Subnet, Gateway, DHCP, SSID, Password. 1=Apply"},

   {"address":49450, "name":"WIFI_STATUS", "type":"UINT32", "devices":[{"device":"T7", "fwmin":0.75}], "readwrite":"R", "tags":["WIFI"], "description":"Status Codes: 2900 Associated, 2901 Associating, 2902 Association Failed, 2903 Unpowered, 2904 Booting, 2905 Start failed, 2906 Applying Settings, 2907 DHCP started, 2909 Other, 2920 Configuring, 2921 Upgrading, 2923 Rebooting, 2924 Upgrade success, 2925 Upgrade failed."},
   {"address":49452, "name":"WIFI_RSSI", "type":"FLOAT32", "devices":[{"device":"T7", "fwmin":0.80}], "readwrite":"R", "tags":["WIFI"], "description":"WiFi RSSI (signal strength) 40-70 is good."},

   {"address":55100, "name":"TEST", "type":"UINT32", "devices":["T7"], "readwrite":"R", "default":1122867, "tags":["CONFIG"], "description":""},
   {"address":55110, "name":"TEST_UINT16", "type":"UINT16", "devices":["T7"], "readwrite":"RW", "tags":["CONFIG"], "description":""},
   {"address":55120, "name":"TEST_UINT32", "type":"UINT32", "devices":["T7"], "readwrite":"RW", "tags":["CONFIG"], "description":""},
   {"address":55122, "name":"TEST_INT32", "type":"INT32", "devices":["T7"], "readwrite":"RW", "tags":["CONFIG"], "description":""},
   {"address":55124, "name":"TEST_FLOAT32", "type":"FLOAT32", "devices":["T7"], "readwrite":"RW", "tags":["CONFIG"], "description":""},

   {"address":60000, "name":"PRODUCT_ID", "type":"FLOAT32", "devices":["U3", "U6", "T7", "UE9"], "readwrite":"R", "tags":["CONFIG"], "description":""},
   {"address":60002, "name":"HARDWARE_VERSION", "type":"FLOAT32", "devices":["U3", "U6", "T7", "UE9"], "readwrite":"R", "tags":["CONFIG"], "description":""},
   {"address":60004, "name":"FIRMWARE_VERSION", "type":"FLOAT32", "devices":["U3", "U6", "T7", "UE9", "DIGIT"], "readwrite":"R", "tags":["CONFIG"], "description":""},
   {"address":60006, "name":"BOOTLOADER_VERSION", "type":"FLOAT32", "devices":["U3", "U6", "T7", "UE9"], "readwrite":"R", "tags":["CONFIG"], "description":""},
   {"address":60008, "name":"WIFI_VERSION", "type":"FLOAT32", "devices":["T7"], "readwrite":"R", "tags":["CONFIG"], "description":""},
   {"address":60020, "name":"ETHERNET_MAC", "type":"UINT64", "devices":["T7", "UE9"], "readwrite":"R", "tags":["ETHERNET"], "description":""},
   {"address":60024, "name":"WIFI_MAC", "type":"UINT64", "devices":["T7"], "readwrite":"R", "tags":["WIFI"], "description":""},
   {"address":60028, "name":"SERIAL_NUMBER", "type":"UINT32", "devices":["U3", "U6", "T7", "UE9", "DIGIT"], "readwrite":"R", "tags":["CONFIG"], "description":""},
   {"address":60500, "name":"DEVICE_NAME_DEFAULT", "type":"STRING", "devices":["U3", "U6", "T7", "UE9"], "readwrite":"RW", "tags":["CONFIG"], "description":""},

   {"address":61600, "name":"WATCHDOG_ENABLE_DEFAULT", "type":"UINT32", "devices":[{"device":"T7", "fwmin":0.90}], "readwrite":"RW", "tags":["WATCHDOG"]},
   {"address":61602, "name":"WATCHDOG_OPTIONS_DEFAULT", "type":"UINT32", "devices":[{"device":"T7", "fwmin":0.90}], "readwrite":"RW", "tags":["WATCHDOG"]},
   {"address":61604, "name":"WATCHDOG_TIMEOUT_S_DEFAULT", "type":"UINT32", "devices":[{"device":"T7", "fwmin":0.90}], "readwrite":"RW", "tags":["WATCHDOG"]},
   {"address":61606, "name":"WATCHDOG_STARTUP_DELAY_S_DEFAULT", "type":"UINT32", "devices":[{"device":"T7", "fwmin":0.90}], "readwrite":"RW", "tags":["WATCHDOG"]},

   {"address":61610, "name":"WATCHDOG_DIO_STATE_DEFAULT", "type":"UINT32", "devices":[{"device":"T7", "fwmin":0.90}], "readwrite":"RW", "tags":["WATCHDOG"]},
   {"address":61612, "name":"WATCHDOG_DIO_DIRECTION_DEFAULT", "type":"UINT32", "devices":[{"device":"T7", "fwmin":0.90}], "readwrite":"RW", "tags":["WATCHDOG"]},
   {"address":61614, "name":"WATCHDOG_DIO_MASK_DEFAULT", "type":"UINT32", "devices":[{"device":"T7", "fwmin":0.90}], "readwrite":"RW", "tags":["WATCHDOG"]},
   {"address":61616, "name":"WATCHDOG_DAC0_DEFAULT", "type":"FLOAT32", "devices":[{"device":"T7", "fwmin":0.90}], "readwrite":"RW", "tags":["WATCHDOG"]},
   {"address":61618, "name":"WATCHDOG_DAC1_DEFAULT", "type":"FLOAT32", "devices":[{"device":"T7", "fwmin":0.90}], "readwrite":"RW", "tags":["WATCHDOG"]},

   {"address":61620, "name":"WATCHDOG_KEY_DEFAULT", "type":"UINT32", "devices":[{"device":"T7", "fwmin":0.90}], "readwrite":"W", "tags":["WATCHDOG"]},
   {"address":61640, "name":"WATCHDOG_CLEAR", "type":"UINT32", "devices":[{"device":"T7", "fwmin":0.90}], "readwrite":"W", "tags":["WATCHDOG"]},


   {"address":22000, "name":"LATEST_TEMPERATURE", "type":"UINT16", "devices":["DIGIT"], "readwrite":"R", "tags":[""]},
   {"address":22001, "name":"CURRENT_HUMIDITY", "type":"UINT16", "devices":["DIGIT"], "readwrite":"R", "tags":[""]},
   {"address":22002, "name":"CURRENT_LIGHT", "type":"UINT16", "devices":["DIGIT"], "readwrite":"R", "tags":[""]},
   {"address":22020, "name":"LOG_TEMPERATURE", "type":"UINT16", "devices":["DIGIT"], "readwrite":"RW", "tags":[""]},
   {"address":22021, "name":"LOG_LIGHT", "type":"UINT16", "devices":["DIGIT"], "readwrite":"RW", "tags":[""]},
   {"address":22022, "name":"LOG_HUMIDITY", "type":"UINT16", "devices":["DIGIT"], "readwrite":"RW", "tags":[""]},
   {"address":22040, "name":"LOG_INTERVAL", "type":"UINT16", "devices":["DIGIT"], "readwrite":"RW", "tags":[""]},
   {"address":22042, "name":"LOG_START_TIME", "type":"UINT16", "devices":["DIGIT"], "readwrite":"R", "tags":[""]},
   {"address":22050, "name":"nBROWNOUT", "type":"UINT16", "devices":["DIGIT"], "readwrite":"RW", "tags":[""]},
   {"address":22051, "name":"nFAULT", "type":"UINT16", "devices":["DIGIT"], "readwrite":"RW", "tags":[""]},
   {"address":22052, "name":"nINVALID_READING", "type":"UINT16", "devices":["DIGIT"], "readwrite":"RW", "tags":[""]},
   {"address":22053, "name":"nTRIG_HIGH_ALARM", "type":"UINT16", "devices":["DIGIT"], "readwrite":"RW", "tags":[""]},
   {"address":22054, "name":"nTRIG_LOW_ALARM", "type":"UINT16", "devices":["DIGIT"], "readwrite":"RW", "tags":[""]},
   {"address":22055, "name":"nALARM_ARMED", "type":"UINT16", "devices":["DIGIT"], "readwrite":"RW", "tags":[""]},
   {"address":22080, "name":"ALARM_ITEM", "type":"UINT16", "devices":["DIGIT"], "readwrite":"RW", "tags":[""]},
   {"address":22081, "name":"ALARM_ARM_CONDITION", "type":"UINT16", "devices":["DIGIT"], "readwrite":"RW", "tags":[""]},
   {"address":22082, "name":"HIGH_ALARM_ENABLE", "type":"UINT16", "devices":["DIGIT"], "readwrite":"RW", "tags":[""]},
   {"address":22083, "name":"LOW_ALARM_ENABLE", "type":"UINT16", "devices":["DIGIT"], "readwrite":"RW", "tags":[""]},
   {"address":22084, "name":"ALARM_ARM_COUNTER", "type":"UINT16", "devices":["DIGIT"], "readwrite":"RW", "tags":[""]},
   {"address":22085, "name":"ALARM_TRIG_COUNTER", "type":"UINT16", "devices":["DIGIT"], "readwrite":"RW", "tags":[""]},
   {"address":22100, "name":"HIGH_ALARM_THRESHOLD", "type":"UINT16", "devices":["DIGIT"], "readwrite":"RW", "tags":[""]},
   {"address":22101, "name":"LOW_ALARM_THRESHOLD", "type":"UINT16", "devices":["DIGIT"], "readwrite":"RW", "tags":[""]},
   {"address":22180, "name":"pHIGH_THRESH_LIGHT", "type":"UINT16", "devices":["DIGIT"], "readwrite":"RW", "tags":[""]},
   {"address":22181, "name":"HIGH_THRESH_LIGHT", "type":"UINT16", "devices":["DIGIT"], "readwrite":"RW", "tags":[""]},
   {"address":22190, "name":"pLOW_THRESH_LIGHT", "type":"UINT16", "devices":["DIGIT"], "readwrite":"RW", "tags":[""]},
   {"address":22191, "name":"LOW_THRESH_LIGHT", "type":"UINT16", "devices":["DIGIT"], "readwrite":"RW", "tags":[""]},
   {"address":22200, "name":"INSTALLED_OPTIONS", "type":"UINT16", "devices":["DIGIT"], "readwrite":"R", "tags":[""]},
   {"address":22210, "name":"STORED_BYTES", "type":"UINT32", "devices":["DIGIT"], "readwrite":"R", "tags":[""]},
   {"address":22220, "name":"LIFETIME_READINGS", "type":"UINT32", "devices":["DIGIT"], "readwrite":"RW", "tags":[""]},
   {"address":22222, "name":"BATTERY_INSTALL_DATE", "type":"UINT32", "devices":["DIGIT"], "readwrite":"R", "default":0, "tags":[""]},
   {"address":22232, "name":"HUMIDITY_CAL_OFFSET", "type":"UINT16", "devices":["DIGIT"], "readwrite":"RW", "tags":[""]},
   {"address":22233, "name":"CALIBRATE_CTMU", "type":"UINT16", "devices":["DIGIT"], "readwrite":"W", "tags":[""]},
   {"address":22242, "name":"RTCC_TIME", "type":"UINT16", "devices":["DIGIT"], "readwrite":"RW", "tags":[""]},
   {"address":22804, "name":"EXTERN_FLASH_WIP", "type":"UINT16", "devices":["DIGIT"], "readwrite":"R", "tags":[""]},
   {"address":22810, "name":"pEXTERN_FLASH_READ", "type":"UINT32", "devices":["DIGIT"], "readwrite":"RW", "tags":[""]},
   {"address":22812, "name":"EXTERN_FLASH_READ", "type":"UINT16", "devices":["DIGIT"], "readwrite":"R", "tags":[""]},
   {"address":22822, "name":"EXTERN_FLASH_bkERASE", "type":"UINT16", "devices":["DIGIT"], "readwrite":"W", "tags":[""]},
   {"address":22830, "name":"pEXTERN_FLASH_WRITE", "type":"UINT32", "devices":["DIGIT"], "readwrite":"RW", "tags":[""]},
   {"address":22832, "name":"EXTERN_FLASH_WRITE", "type":"UINT16", "devices":["DIGIT"], "readwrite":"W", "tags":[""]},
   {"address":22840, "name":"SAVE_CHANGES", "type":"UINT16", "devices":["DIGIT"], "readwrite":"W", "tags":[""]},
   {"address":22841, "name":"RE_INITIALIZE_DEVICE", "type":"UINT16", "devices":["DIGIT"], "readwrite":"W", "tags":[""]},
   {"address":22842, "name":"LENGTH_USB_SESSION", "type":"UINT32", "devices":["DIGIT"], "readwrite":"R", "tags":["USB"]},
   {"address":22974, "name":"WRITE_SN", "type":"UINT32", "devices":["DIGIT"], "readwrite":"W", "tags":[""]},
   {"address":61996, "name":"REQ_FWUPG", "type":"UINT32", "devices":["DIGIT"], "readwrite":"W", "tags":[""]},
   {"address":65000, "name":"PRODUCT_ID_ALT", "type":"UINT16", "devices":["DIGIT"], "readwrite":"R", "tags":[""]}
 ],

 "registers_beta":
 [
   {"address":49410, "name":"WIFI_START_ADHOC", "type":"UINT32", "devices":[{"device":"T7", "fwmin":0.9308}], "readwrite":"W", "tags":["WIFI"]},

   {"address":52000, "name":"AIN#(0:254)_EF_FREQUENCY", "type":"FLOAT32", "devices":[{"device":"T7", "fwmin":0.9404}], "readwrite":"RW", "default":0, "tags":["AIN"]},
   {"address":53000, "name":"AIN#(0:254)_EF_NUM_SAMPLES", "type":"FLOAT32", "devices":[{"device":"T7", "fwmin":0.9404}], "readwrite":"RW", "default":0, "tags":["AIN"]},

   {"address":42000, "name":"AIN#(0:254)_SETTLING_US", "type":"FLOAT32", "devices":[{"device":"T7", "fwmin":0.9328}], "readwrite":"RW", "default":0, "tags":["AIN"]},
   {"address":43000, "name":"AIN#(0:254)_EF_TYPE", "type":"UINT16", "devices":[{"device":"T7", "fwmin":0.9328}], "readwrite":"RW", "default":0, "tags":["EF, AIN"]},

   {"address":43900, "name":"AIN_ALL_RANGE", "type":"FLOAT32", "devices":[{"device":"T7", "fwmin":0.9328}], "readwrite":"RW", "default":0, "tags":["AIN"]},
   {"address":43902, "name":"AIN_ALL_NEGATIVE_CH", "type":"UINT16", "devices":[{"device":"T7", "fwmin":0.9328}], "readwrite":"RW", "default":199, "tags":["AIN"]},
   {"address":43903, "name":"AIN_ALL_RESOLUTION_INDEX", "type":"UINT16", "devices":[{"device":"T7", "fwmin":0.9328}], "readwrite":"RW", "default":0, "tags":["AIN"]},
   {"address":43904, "name":"AIN_ALL_SETTLING", "type":"FLOAT32", "devices":[{"device":"T7", "fwmin":0.9328}], "readwrite":"RW", "default":0, "tags":["AIN"]},

   {"address":4040, "name":"STREAM_OUT#(0:4)_TARGET", "type":"UINT32", "devices":[{"device":"T7", "fwmin":0.9300}], "readwrite":"RW", "default":0, "tags":["STREAM"]},
   {"address":4050, "name":"STREAM_OUT#(0:4)_BUFFER_SIZE", "type":"UINT32", "devices":[{"device":"T7", "fwmin":0.9300}], "readwrite":"RW", "default":0, "tags":["STREAM"]},
   {"address":4060, "name":"STREAM_OUT#(0:4)_LOOP_SIZE", "type":"UINT32", "devices":[{"device":"T7", "fwmin":0.9300}], "readwrite":"RW", "default":0, "tags":["STREAM"]},
   {"address":4070, "name":"STREAM_OUT#(0:4)_SET_LOOP", "type":"UINT32", "devices":[{"device":"T7", "fwmin":0.9300}], "readwrite":"W", "default":0, "tags":["STREAM"]},
   {"address":4080, "name":"STREAM_OUT#(0:4)_BUFFER_STATUS", "type":"UINT32", "devices":[{"device":"T7", "fwmin":0.9300}], "readwrite":"R", "default":0, "tags":["STREAM"]},
   {"address":4090, "name":"STREAM_OUT#(0:4)_ENABLE", "type":"UINT32", "devices":[{"device":"T7", "fwmin":0.9300}], "readwrite":"RW", "default":0, "tags":["STREAM"]},
   {"address":4400, "name":"STREAM_OUT#(0:4)_BUFFER", "type":"UINT32", "devices":[{"device":"T7", "fwmin":0.9300}], "readwrite":"W", "default":0, "tags":["STREAM"]},

   {"address":49402, "name":"WIFI_FIRMWARE_UPDATE_TO_VERSIONX", "type":"FLOAT32", "devices":[{"device":"T7", "fwmin":0.9206}], "readwrite":"W", "tags":["WIFI"]},
   {"address":49454, "name":"WIFI_FIRMWARE_UPDATE_STATUS", "type":"UINT32", "devices":[{"device":"T7", "fwmin":0.9206}], "readwrite":"R", "tags":["WIFI"]},

   {"address":22234, "name":"HUMIDITY_DRIFT_COMPENSATION", "type":"INT32", "devices":["DIGIT"], "readwrite":"RW", "tags":[""]},
   {"address":60010, "name":"HARDWARE_INSTALLED", "type":"UINT32", "devices":["T7"], "readwrite":"R", "default":0, "tags":["CONFIG"]},

   {"address":4002, "name":"STREAM_SCANRATE_HZ", "type":"FLOAT32", "devices":["T7"], "readwrite":"RW", "default":0, "tags":["STREAM"]},
   {"address":4004, "name":"STREAM_NUM_ADDRESSES", "type":"UINT32", "devices":["T7"], "readwrite":"RW", "default":0, "tags":["STREAM"]},
   {"address":4008, "name":"STREAM_SETTLING_US", "type":"FLOAT32", "devices":["T7"], "readwrite":"RW", "default":0, "tags":["STREAM"]},
   {"address":4010, "name":"STREAM_RESOLUTION_INDEX", "type":"UINT32", "devices":["T7"], "readwrite":"RW", "default":0, "tags":["STREAM"]},
   {"address":4018, "name":"STREAM_DATATYPE", "type":"UINT32", "devices":["T7"], "readwrite":"RW", "default":0, "tags":["STREAM"]},
   {"address":4100, "name":"STREAM_SCANLIST_ADDRESS#(0:127)", "type":"UINT32", "devices":["T7"], "readwrite":"RW", "default":0, "tags":["STREAM"], "description":"A list of addresses to read each scan."},

   {"address":4006, "name":"STREAM_SAMPLES_PER_PACKET", "type":"UINT32", "devices":["T7"], "readwrite":"RW", "default":0, "tags":["STREAM"]},
   {"address":4012, "name":"STREAM_BUFFER_SIZE_INDEX", "type":"UINT32", "devices":["T7"], "readwrite":"RW", "default":0, "tags":["STREAM"]},
   {"address":4014, "name":"STREAM_CLOCK_SOURCE", "type":"UINT32", "devices":["T7"], "readwrite":"RW", "default":0, "tags":["STREAM"]},
   {"address":4016, "name":"STREAM_AUTO_TARGET", "type":"UINT32", "devices":["T7"], "readwrite":"RW", "default":0, "tags":["STREAM"]},
   {"address":4020, "name":"STREAM_NUM_SCANS", "type":"UINT32", "devices":["T7"], "readwrite":"RW", "default":0, "tags":["STREAM"]},

   {"address":4500, "name":"STREAM_DATA_CR", "type":"UINT32", "devices":["T7"], "readwrite":"R", "tags":["STREAM"]},

   {"address":4990, "name":"STREAM_START", "type":"UINT32", "devices":[{"device":"T7", "fwmin":0.9402}], "readwrite":"W", "tags":["STREAM"]},
   {"address":4992, "name":"STREAM_STOP", "type":"UINT32", "devices":["T7"], "readwrite":"W", "tags":["STREAM"]},

   {"address":5100, "name":"I2C_SDA", "type":"UINT16", "devices":["T7"], "readwrite":"RW", "default":0, "tags":["I2C"]},
   {"address":5101, "name":"I2C_SCL", "type":"UINT16", "devices":["T7"], "readwrite":"RW", "default":0, "tags":["I2C"]},
   {"address":5102, "name":"I2C_SPEED", "type":"UINT16", "devices":["T7"], "readwrite":"RW", "default":0, "tags":["I2C"]},
   {"address":5103, "name":"I2C_OPTIONS", "type":"UINT16", "devices":["T7"], "readwrite":"RW", "default":0, "tags":["I2C"]},
   {"address":5104, "name":"I2C_SLAVE_ADDRESS", "type":"UINT16", "devices":["T7"], "readwrite":"RW", "default":0, "tags":["I2C"]},
   {"address":5108, "name":"I2C_NUM_BYTES_TO_TX", "type":"UINT16", "devices":["T7"], "readwrite":"RW", "default":0, "tags":["I2C"]},
   {"address":5109, "name":"I2C_NUM_BYTES_TO_RX", "type":"UINT16", "devices":["T7"], "readwrite":"RW", "default":0, "tags":["I2C"]},
   {"address":5110, "name":"I2C_WRITE", "type":"UINT16", "devices":["T7"], "readwrite":"RW", "default":0, "tags":["I2C"]},
   {"address":5150, "name":"I2C_READ", "type":"UINT16", "devices":["T7"], "readwrite":"RW", "default":0, "tags":["I2C"]},

   {"address":5200, "name":"SHT_PIN_POWER", "type":"UINT16", "devices":["T7"], "readwrite":"RW", "default":0, "tags":["STREAM"]},
   {"address":5201, "name":"SHT_PIN_ENABLE", "type":"UINT16", "devices":["T7"], "readwrite":"RW", "default":0, "tags":["STREAM"]},
   {"address":5202, "name":"SHT_PIN_DATA", "type":"UINT16", "devices":["T7"], "readwrite":"RW", "default":0, "tags":["STREAM"]},
   {"address":5203, "name":"SHT_PIN_CLOCK", "type":"UINT16", "devices":["T7"], "readwrite":"RW", "default":0, "tags":["STREAM"]},
   {"address":5210, "name":"SHT_PIN_READ_T", "type":"FLOAT32", "devices":["T7"], "readwrite":"R", "default":0, "tags":["STREAM"]},
   {"address":5212, "name":"SHT_PIN_READ_H", "type":"FLOAT32", "devices":["T7"], "readwrite":"R", "default":0, "tags":["STREAM"]},

   {"address":30000, "name":"TDAC#(0:22)", "type":"FLOAT32", "devices":["T7"], "readwrite":"W", "default":0, "tags":["TDAC"]},
   {"address":55200, "name":"TDAC_SCL", "type":"UINT16", "devices":["T7"], "readwrite":"W", "default":0, "tags":["TDAC"]},
   {"address":55201, "name":"TDAC_SDA", "type":"UINT16", "devices":["T7"], "readwrite":"W", "default":0, "tags":["TDAC"]},
   {"address":55202, "name":"TDAC_READ", "type":"UINT32", "devices":["T7"], "readwrite":"R", "default":0, "tags":["TDAC"]},

   {"address":49406, "name":"WIFI_SCAN_START", "type":"UINT32", "devices":[{"device":"T7", "fwmin":0.87}], "readwrite":"W", "tags":["WIFI"]},
   {"address":49486, "name":"WIFI_SCAN_NUM_BYTES", "type":"UINT32", "devices":[{"device":"T7", "fwmin":0.87}], "readwrite":"R", "tags":["WIFI"]},
   {"address":49488, "name":"WIFI_SCAN_DATA", "type":"BYTE", "devices":[{"device":"T7", "fwmin":0.87}], "readwrite":"R", "tags":["WIFI"]},

   {"address":44900, "name":"DIO_EF_CLOCK0_ENABLE", "type":"UINT16", "devices":[{"device":"T7", "fwmin":0.87}], "readwrite":"RW", "tags":["EF, DIO"]},
   {"address":44901, "name":"DIO_EF_CLOCK0_DIVISOR", "type":"UINT16", "devices":[{"device":"T7", "fwmin":0.9320}], "readwrite":"RW", "tags":["EF, DIO"]},
   {"address":44902, "name":"DIO_EF_CLOCK0_OPTIONS", "type":"UINT32", "devices":[{"device":"T7", "fwmin":0.87}], "readwrite":"RW", "tags":["EF, DIO"]},
   {"address":44904, "name":"DIO_EF_CLOCK0_ROLL_VALUE", "type":"UINT32", "devices":[{"device":"T7", "fwmin":0.87}], "readwrite":"RW", "tags":["EF, DIOC"]},
   {"address":44910, "name":"DIO_EF_CLOCK1_ENABLE", "type":"UINT16", "devices":[{"device":"T7", "fwmin":0.87}], "readwrite":"RW", "tags":["EF, DIO"]},
   {"address":44911, "name":"DIO_EF_CLOCK1_DIVISOR", "type":"UINT16", "devices":[{"device":"T7", "fwmin":0.9320}], "readwrite":"RW", "tags":["EF, DIO"]},
   {"address":44912, "name":"DIO_EF_CLOCK1_OPTIONS", "type":"UINT32", "devices":[{"device":"T7", "fwmin":0.87}], "readwrite":"RW", "tags":["EF, DIO"]},
   {"address":44914, "name":"DIO_EF_CLOCK1_ROLL_VALUE", "type":"UINT32", "devices":[{"device":"T7", "fwmin":0.87}], "readwrite":"RW", "tags":["EF, DIO"]},
   {"address":44920, "name":"DIO_EF_CLOCK2_ENABLE", "type":"UINT16", "devices":[{"device":"T7", "fwmin":0.87}], "readwrite":"RW", "tags":["EF, DIO"]},
   {"address":44921, "name":"DIO_EF_CLOCK2_DIVISOR", "type":"UINT16", "devices":[{"device":"T7", "fwmin":0.9320}], "readwrite":"RW", "tags":["EF, DIO"]},
   {"address":44922, "name":"DIO_EF_CLOCK2_OPTIONS", "type":"UINT32", "devices":[{"device":"T7", "fwmin":0.87}], "readwrite":"RW", "tags":["EF, DIO"]},
   {"address":44924, "name":"DIO_EF_CLOCK2_ROLL_VALUE", "type":"UINT32", "devices":[{"device":"T7", "fwmin":0.87}], "readwrite":"RW", "tags":["EF, DIO"]},

   {"address":44000, "name":"DIO#(0:22)_EF_ENABLE", "type":"UINT32", "devices":[{"device":"T7", "fwmin":0.88}], "readwrite":"RW", "tags":["EF, DIO"]},
   {"address":44100, "name":"DIO#(0:22)_EF_TYPE", "type":"UINT32", "devices":[{"device":"T7", "fwmin":0.88}], "readwrite":"RW", "tags":["EF, DIO"]},
   {"address":44200, "name":"DIO#(0:22)_EF_OPTIONS", "type":"UINT32", "devices":[{"device":"T7", "fwmin":0.88}], "readwrite":"RW", "tags":["EF, DIO"]},
   {"address":44300, "name":"DIO#(0:22)_EF_VALUE_A", "type":"UINT32", "devices":[{"device":"T7", "fwmin":0.88}], "readwrite":"RW", "tags":["EF, DIO"]},
   {"address":44400, "name":"DIO#(0:22)_EF_VALUE_B", "type":"UINT32", "devices":[{"device":"T7", "fwmin":0.88}], "readwrite":"RW", "tags":["EF, DIO"]},
   {"address":44500, "name":"DIO#(0:22)_EF_VALUE_C", "type":"UINT32", "devices":[{"device":"T7", "fwmin":0.88}], "readwrite":"RW", "tags":["EF, DIO"]},
   {"address":44600, "name":"DIO#(0:22)_EF_VALUE_D", "type":"UINT32", "devices":[{"device":"T7", "fwmin":0.88}], "readwrite":"RW", "tags":["EF, DIO"]},
   {"address":3000, "name":"DIO#(0:22)_EF_READ_A", "type":"UINT32", "devices":["T7"], "readwrite":"R", "tags":["EF, DIO"]},
   {"address":3100, "name":"DIO#(0:22)_EF_READ_B", "type":"UINT32", "devices":["T7"], "readwrite":"R", "tags":["EF, DIO"]},

   {"address":49000, "name":"IO_CONFIG_CHECK_FOR_FACTORY", "type":"UINT32", "devices":["T7"], "readwrite":"R", "tags":["CONFIG"]},
   {"address":49002, "name":"IO_CONFIG_SET_DEFAULT_TO_CURRENT", "type":"UINT32", "devices":["T7"], "readwrite":"W", "tags":["CONFIG"]},
   {"address":49004, "name":"IO_CONFIG_SET_DEFAULT_TO_FACTORY", "type":"UINT32", "devices":["T7"], "readwrite":"W", "tags":["CONFIG"]},
   {"address":49006, "name":"IO_CONFIG_FACTORY_pREAD", "type":"UINT32", "devices":["T7"], "readwrite":"RW", "tags":["CONFIG"]},
   {"address":49008, "name":"IO_CONFIG_FACTORY_READ", "type":"UINT32", "devices":["T7"], "readwrite":"R", "tags":["CONFIG"]},
   {"address":49010, "name":"IO_CONFIG_DEFAULT_pREAD", "type":"UINT32", "devices":["T7"], "readwrite":"RW", "tags":["CONFIG"]},
   {"address":49012, "name":"IO_CONFIG_DEFAULT_READ", "type":"UINT32", "devices":["T7"], "readwrite":"R", "tags":["CONFIG"]},
   {"address":49014, "name":"IO_CONFIG_CURRENT_pREAD", "type":"UINT32", "devices":["T7"], "readwrite":"RW", "tags":["CONFIG"]},
   {"address":49016, "name":"IO_CONFIG_CURRENT_READ", "type":"UINT32", "devices":["T7"], "readwrite":"R", "tags":["CONFIG"]},

   {"address":61990, "name":"IO_CONFIG_SET_CURRENT_TO_FACTORY", "type":"UINT16", "devices":["T7"], "readwrite":"W", "tags":["CONFIG"]},
   {"address":61991, "name":"IO_CONFIG_SET_CURRENT_TO_DEFAULT", "type":"UINT16", "devices":["T7"], "readwrite":"W", "tags":["CONFIG"]},

   {"address":1900, "name":"CURRENT_SOURCE_10UA_CAL_VALUE", "type":"FLOAT32", "devices":["T7"], "readwrite":"R", "tags":["CONFIG"]},
   {"address":1902, "name":"CURRENT_SOURCE_200UA_CAL_VALUE", "type":"FLOAT32", "devices":["T7"], "readwrite":"R", "tags":["CONFIG"]}
 ],

 "errors":
 [
   {"error":0, "string":"LJ_SUCCESS"},

   {"error":200, "string":"LJME_WARNINGS_BEGIN"},
   {"error":399, "string":"LJME_WARNINGS_END"},
   {"error":201, "string":"LJME_FRAMES_OMITTED_DUE_TO_PACKET_SIZE"},
   {"error":202, "string":"LJME_LOG_FAILURE"},

   {"error":1200, "string":"LJME_MODBUS_ERRORS_BEGIN"},
   {"error":1216, "string":"LJME_MODBUS_ERRORS_END"},
   {"error":1201, "string":"LJME_MBE1_ILLEGAL_FUNCTION"},
   {"error":1202, "string":"LJME_MBE2_ILLEGAL_DATA_ADDRESS"},
   {"error":1203, "string":"LJME_MBE3_ILLEGAL_DATA_VALUE"},
   {"error":1204, "string":"LJME_MBE4_SLAVE_DEVICE_FAILURE"},
   {"error":1205, "string":"LJME_MBE5_ACKNOWLEDGE"},
   {"error":1206, "string":"LJME_MBE6_SLAVE_DEVICE_BUSY"},
   {"error":1208, "string":"LJME_MBE8_MEMORY_PARITY_ERROR"},
   {"error":1210, "string":"LJME_MBE10_GATEWAY_PATH_UNAVAILABLE"},
   {"error":1211, "string":"LJME_MBE11_GATEWAY_TARGET_NO_RESPONSE"},
   {"error":1220, "string":"LJME_LIBRARY_ERRORS_BEGIN"},
   {"error":1399, "string":"LJME_LIBRARY_ERRORS_END"},
   {"error":1221, "string":"LJME_UNKNOWN_ERROR"},
   {"error":1222, "string":"LJME_INVALID_DEVICE_TYPE"},
   {"error":1223, "string":"LJME_INVALID_HANDLE"},
   {"error":1224, "string":"LJME_DEVICE_NOT_OPEN"},
   {"error":1225, "string":"LJME_STREAM_NOT_INITIALIZED"},
   {"error":1227, "string":"LJME_DEVICE_NOT_FOUND"},
   {"error":1229, "string":"LJME_DEVICE_ALREADY_OPEN"},
   {"error":1230, "string":"LJME_COULD_NOT_CLAIM_DEVICE"},
   {"error":1231, "string":"LJME_CANNOT_CONNECT"},
   {"error":1233, "string":"LJME_SOCKET_LEVEL_ERROR"},
   {"error":1236, "string":"LJME_CANNOT_OPEN_DEVICE"},
   {"error":1237, "string":"LJME_CANNOT_DISCONNECT"},
   {"error":1238, "string":"LJME_WINSOCK_FAILURE"},
   {"error":1239, "string":"LJME_DEVICE_RECONNECT_FAILED"},
   {"error":1250, "string":"LJME_INVALID_ADDRESS"},
   {"error":1251, "string":"LJME_INVALID_CONNECTION_TYPE"},
   {"error":1252, "string":"LJME_INVALID_DIRECTION"},
   {"error":1253, "string":"LJME_INVALID_FUNCTION"},
   {"error":1254, "string":"LJME_INVALID_NUM_REGISTERS"},
   {"error":1255, "string":"LJME_INVALID_PARAMETER"},
   {"error":1256, "string":"LJME_INVALID_PROTOCOL_ID"},
   {"error":1257, "string":"LJME_INVALID_TRANSACTION_ID"},
   {"error":1259, "string":"LJME_INVALID_VALUE_TYPE"},
   {"error":1260, "string":"LJME_MEMORY_ALLOCATION_FAILURE"},
   {"error":1261, "string":"LJME_NO_COMMAND_BYTES_SENT"},
   {"error":1262, "string":"LJME_INCORRECT_NUM_COMMAND_BYTES_SENT"},
   {"error":1263, "string":"LJME_NO_RESPONSE_BYTES_RECEIVED"},
   {"error":1264, "string":"LJME_INCORRECT_NUM_RESPONSE_BYTES_RECEIVED"},
   {"error":1265, "string":"LJME_MIXED_FORMAT_IP_ADDRESS"},
   {"error":1266, "string":"LJME_UNKNOWN_IDENTIFIER"},
   {"error":1267, "string":"LJME_NOT_IMPLEMENTED"},
   {"error":1268, "string":"LJME_INVALID_INDEX"},
   {"error":1269, "string":"LJME_INVALID_LENGTH"},
   {"error":1270, "string":"LJME_ERROR_BIT_SET"},
   {"error":1271, "string":"LJME_INVALID_MAXBYTESPERMBFB"},
   {"error":1272, "string":"LJME_NULL_POINTER"},
   {"error":1273, "string":"LJME_NULL_OBJ"},
   {"error":1274, "string":"LJME_RESERVED_NAME"},
   {"error":1275, "string":"LJME_UNPARSABLE_DEVICE_TYPE"},
   {"error":1276, "string":"LJME_UNPARSABLE_CONNECTION_TYPE"},
   {"error":1277, "string":"LJME_UNPARSABLE_IDENTIFIER"},
   {"error":1278, "string":"LJME_PACKET_SIZE_TOO_LARGE"},
   {"error":1279, "string":"LJME_TRANSACTION_ID_ERR"},
   {"error":1280, "string":"LJME_PROTOCOL_ID_ERR"},
   {"error":1281, "string":"LJME_LENGTH_ERR"},
   {"error":1282, "string":"LJME_UNIT_ID_ERR"},
   {"error":1283, "string":"LJME_FUNCTION_ERR"},
   {"error":1284, "string":"LJME_STARTING_REG_ERR"},
   {"error":1285, "string":"LJME_NUM_REGS_ERR"},
   {"error":1286, "string":"LJME_NUM_BYTES_ERR"},
   {"error":1291, "string":"LJME_INVALID_NUM_VALUES"},
   {"error":1292, "string":"LJME_CONSTANTS_FILE_NOT_FOUND"},
   {"error":1293, "string":"LJME_INVALID_CONSTANTS_FILE"},
   {"error":1294, "string":"LJME_INVALID_NAME"},

   {"error":1296, "string":"LJME_OVERSPECIFIED_PORT"},
   {"error":1297, "string":"LJME_INTENT_NOT_READY"},
   {"error":1298, "string":"LJME_ATTR_LOAD_COMM_FAILURE"},
   {"error":1299, "string":"LJME_INVALID_CONFIG_NAME"},
   {"error":1300, "string":"LJME_ERROR_RETRIEVAL_FAILURE"},
   {"error":1301, "string":"LJME_LJM_BUFFER_FULL"},
   {"error":1302, "string":"LJME_COULD_NOT_START_STREAM"},
   {"error":1303, "string":"LJME_STREAM_NOT_RUNNING"},
   {"error":1304, "string":"LJME_UNABLE_TO_STOP_STREAM"},

   {"error":2300, "string":"MODBUS_RSP_OVERFLOW"},
   {"error":2301, "string":"MODBUS_CMD_OVERFLOW"},
   {"error":2310, "string":"MODBUS_STRING_CMD_TOO_BIG"},
   {"error":2311, "string":"MODBUS_STRING_PARAM_TOO_BIG"},
   {"error":2312, "string":"MODBUS_STRING_BAD_NUM_PARAMS"},
   {"error":2313, "string":"MODBUS_INVALID_NUM_REGISTERS"},
   {"error":2314, "string":"MODBUS_READ_TOO_LARGE"},
   {"error":2315, "string":"MODBUS_NUM_REGS_MUST_BE_EVEN"},
   {"error":2330, "string":"STARTUP_CONFIG_INVALID_CODE"},
   {"error":2331, "string":"STARTUP_CONFIG_INVALID_READ"},
   {"error":2350, "string":"EXFLASH_ADD_INVALID"},
   {"error":2351, "string":"EXFLASH_CODE_INVALID"},
   {"error":2352, "string":"EXFLASH_OP_PROHIBITED"},
   {"error":2353, "string":"EXFLASH_SECTION_OVERWRITE"},
   {"error":2354, "string":"EXFLASH_KEY_INVALID"},
   {"error":2355, "string":"FLASH_VERIFICATION_FAILED"},
   {"error":2356, "string":"FLASH_ERASE_FAILED"},
   {"error":2370, "string":"AIN_RANGE_INVALID"},
   {"error":2371, "string":"AIN_SETTLINE_INVALID"},
   {"error":2380, "string":"LUA_VM_STATE_NO_CHANGE"},
   {"error":2381, "string":"LUA_INITIALIZATION_ERROR"},
   {"error":2382, "string":"LUA_INVALID_NUM_IO_FLOATS"},
   {"error":2383, "string":"LUA_IO_FLOATMEM_OVERFLOW"},
   {"error":2384, "string":"LUA_INVALID_MODE"},
   {"error":2385, "string":"LUA_IS_RUNNING"},
   {"error":2400, "string":"SYSTEM_MEMORY_BEREFT"},
   {"error":2401, "string":"SYSTEM_MEMORY_OVERWRITE"},
   {"error":2402, "string":"SYSTEM_RESTART_CODE_INVALID"},
   {"error":2403, "string":"SYSTEM_READ_OVERRUN"},
   {"error":2404, "string":"SYSTEM_INVALIDE_PIN"},
   {"error":2405, "string":"SYSTEM_NVRAM_UNAVAILABLE"},
   {"error":2406, "string":"SYSTEM_NVRAM_INVALID_ADDRESS"},
   {"error":2420, "string":"DEVICE_NAME_MUST_BE_ALPHANUM"},
   {"error":2450, "string":"POWER_INVALID_SETTING"},
   {"error":2451, "string":"POWER_USB_NEEDS_20MHZ_OR_MORE"},
   {"error":2452, "string":"POWER_NO_CHANGE"},
   {"error":2460, "string":"POWER_ANALOG_OFF"},
   {"error":2490, "string":"WIFI_NOT_ASSOCIATED"},
   {"error":2500, "string":"HW_DIO_NOT_AVAILABLE"},
   {"error":2508, "string":"HW_CNTR0_NOT_AVAILABLE"},
   {"error":2509, "string":"HW_CNTR1_NOT_AVAILABLE"},
   {"error":2510, "string":"HW_CNTR2_NOT_AVAILABLE"},
   {"error":2511, "string":"HW_CNTR3_NOT_AVAILABLE"},
   {"error":2520, "string":"HW_CIO0_NOT_AVAILABLE"},
   {"error":2521, "string":"HW_CIO1_NOT_AVAILABLE"},
   {"error":2550, "string":"TNC_DIO_HAS_NO_TNC_FEATURES"},
   {"error":2551, "string":"TNC_INVALID_MODE"},
   {"error":2552, "string":"TNC_MODE_NOT_SUPPORTED"},
   {"error":2553, "string":"TNC_PIN_MODE_MISMATCH"},
   {"error":2554, "string":"TNC_TIMER_NOT_ENABLED"},
   {"error":2555, "string":"TNC_32BIT_DATA_INTO_16BIT_REG"},
   {"error":2556, "string":"TNC_SET_TO_32BIT"},
   {"error":2557, "string":"TNC_SMOOTH_VALUE_OUT_OF_RANGE"},
   {"error":2558, "string":"TNC_32BIT_REQUIRES_BOTH_CNT0n1"},
   {"error":2559, "string":"TNC_PRESCALE_VALUE_INVALID"},
   {"error":2560, "string":"TNC_PIN_RESERVED"},
   {"error":2561, "string":"TNC_INVALID_DIO_NUMBER"},
   {"error":2561, "string":"AF_INVALID_MODE"},
   {"error":2600, "string":"STREAM_NEED_AT_LEAST_ONE_CHN"},
   {"error":2601, "string":"STREAM_CLOCK_BASE_NOT_WRITABLE"},
   {"error":2602, "string":"STREAM_EXTCLK_AND_GATE_MX"},
   {"error":2603, "string":"STREAM_IN_SPONTANEOUS_MODE"},
   {"error":2604, "string":"STREAM_USB_PKT_OVERFLOW"},
   {"error":2605, "string":"STREAM_IS_ACTIVE"},
   {"error":2606, "string":"STREAM_CONFIG_INVALID"},
   {"error":2607, "string":"STREAM_CHN_LIST_INVALID"},
   {"error":2608, "string":"STREAM_SCAN_RATE_INVALID"},
   {"error":2609, "string":"STREAM_OUT_BUFF_TOO_BIG"},
   {"error":2610, "string":"STREAM_OUT_NUM_INVALID"},
   {"error":2611, "string":"STREAM_DATA_TYPE_INVALID"},
   {"error":2612, "string":"STREAM_TARGET_CONFIG_INVALID"},
   {"error":2613, "string":"STREAM_OUT_BUFF_FULL"},
   {"error":2614, "string":"STREAM_OUT_TARGET_INVALID"},
   {"error":2615, "string":"STREAM_BUFF_SIZE_INVALID"},
   {"error":2616, "string":"STREAM_OUT_BUFF_LOOP_OVERWRITE"},
   {"error":2617, "string":"STREAM_OUT_BUFF_DNE"},
   {"error":2618, "string":"STREAM_SAMPLES_PER_PKT_INVALID"},
   {"error":2619, "string":"STREAM_BUFFER_DNE"},
   {"error":2620, "string":"STREAM_NOT_RUNNING"},
   {"error":2670, "string":"SWDT_ROLLT_INVALID"},
   {"error":2671, "string":"SWDT_ENABLED"},
   {"error":2672, "string":"SWDT_DIO_SETTINGS_INVALID"},
   {"error":2673, "string":"SWDT_DAC0_SETTINGS_INVALID"},
   {"error":2674, "string":"SWDT_DAC1_SETTINGS_INVALID"},
   {"error":2690, "string":"RTC_TIME_INVALID"},
   {"error":2691, "string":"RTC_SNTP_TIME_INVALID"},

   {"error":2700, "string":"SPI_MODE_INVALID"},
   {"error":2701, "string":"SPI_NO_DATA_AVAILABLE"},
   {"error":2702, "string":"SPI_CS_PIN_INVALID"},
   {"error":2703, "string":"SPI_CLK_PIN_INVALID"},
   {"error":2704, "string":"SPI_MISO_PIN_INVALID"},
   {"error":2705, "string":"SPI_MOSI_PIN_INVALID"},
   {"error":2706, "string":"SPI_CS_PIN_RESERVED"},
   {"error":2707, "string":"SPI_CLK_PIN_RESERVED"},
   {"error":2708, "string":"SPI_MISO_PIN_RESERVED"},
   {"error":2709, "string":"SPI_MOSI_PIN_RESERVED"},
   {"error":2710, "string":"SPI_TRANSFER_SIZE_TOO_LARGE"},
   {"error":2720, "string":"I2C_BUS_BUSY"},
   {"error":2721, "string":"I2C_NO_DATA_AVAILABLE"},
   {"error":2722, "string":"I2C_SDA_PIN_INVALID"},
   {"error":2723, "string":"I2C_SCL_PIN_INVALID"},
   {"error":2724, "string":"I2C_SDA_PIN_RESERVED"},
   {"error":2725, "string":"I2C_SCL_PIN_RESERVED"},
   {"error":2726, "string":"I2C_TX_SIZE_TOO_LARGE"},
   {"error":2727, "string":"I2C_RX_SIZE_TOO_LARGE"},
   {"error":2740, "string":"SHT1x_COMM_TIME_OUT"},
   {"error":2741, "string":"SHT1x_NO_ACK"},
   {"error":2742, "string":"SHT1X_CUSTOM_MODE_INVALID"},
   {"error":2760, "string":"TDAC_SDA_SCL_INVALID"},
   {"error":2761, "string":"TDAC_SCL_INVALID"},
   {"error":2762, "string":"TDAC_INVALID_CHANNEL"},
   {"error":2763, "string":"TDAC_CAL_READ_FAILURE"},

   {"error":2900, "string":"WIFI_ASSOCIATED"},
   {"error":2901, "string":"WIFI_ASSOCIATING"},
   {"error":2902, "string":"WIFI_ASSOCIATION_FAILED"},
   {"error":2903, "string":"WIFI_UNPOWERED"},
   {"error":2904, "string":"WIFI_BOOTING_UP"},
   {"error":2905, "string":"WIFI_COULD_NOT_START"},
   {"error":2906, "string":"WIFI_APPLYING_SETTINGS"},
   {"error":2907, "string":"WIFI_DHCP_STARTED"},
   {"error":2909, "string":"WIFI_OTHER"},
   {"error":2920, "string":"WIFI_UPGRADE_CONFIG"},
   {"error":2921, "string":"WIFI_UPGRADE_IN_PROG"},
   {"error":2923, "string":"WIFI_UPGRADE_REBOOT"},
   {"error":2924, "string":"WIFI_UPGRADE_SUCCESS"},
   {"error":2925, "string":"WIFI_UPGRADE_FAILED"},
   {"error":2940, "string":"STREAM_AUTO_RECOVER_ACTIVE"},
   {"error":2941, "string":"STREAM_AUTO_RECOVER_END"},
   {"error":2950, "string":"SELFDIAG_MAIN_OSC_FAIL"}
 ],


  "comments":
  [
    "Use jslint.com to check validity of this JSON file after every change.",
    "Try to go for noun_adjective_verb in register names.",
    "2013.01.28.A:  Removed plurals on port and all digital register names.",
    "2013.01.30.A:  Added this comments section at bottom.  Changed neg=>negative, res=>resolution, set=>settling.  Changed dio_all to just dio.",
    "2013.02.01.A:  Added DF constants to beta section.",
    "2013.02.07.A:  Added WiFi DHCP constants.  Added DSF read registers to beta section.",
    "2013.02.11.A:  Changing some LJM error code names.",
    "2013.02.15.A:  Changed readwrite values: RO => R and WO => W.  Added TDAC registers.",
    "2013.02.18.A:  Moved TDAC registers to beta section.  Changed DAC_SCL to TDAC_SCL.",
    "2013.02.19.A:  Added LJME_ERROR_RETRIEVAL_FAILURE.",
    "2013.02.20.A:  Fixed tags for DSF.  Changed names for IO_CONFIG stuff.",
    "2013.02.21.A:  Added HARDWARE_INSTALLED to beta section.",
    "2013.02.26.A:  Added BATTERY_INSTALL_DATE to beta section.",
    "2013.02.27.A:  Changed DSF to DF in beta section.",
    "2013.03.20.A:  Added HUMIDITY_CAL_BAT_OFFSET to beta section.",
    "2013.03.22.A:  Changed DF to EF in beta section.",
    "2013.03.29.A:  Moved WIFI SSID_DEFAULT and PASS_DEFAULT to make room for 64 character passphrases. Added WIFI_UPDATE and WIFI_UPDATE_STATUS.",
    "2013.03.30.A:  Added O-stream registers.",
    "2013.04.02.A:  Edited O-stream register names.",
    "2013.04.10.A:  Name changes to AIN#(0:254)_NEGATIVE, AIN#(0:254)_RESOLUTION, ETHERNET_DHCP, ETHERNET_DHCP_DEFAULT, WIFI_DHCP, WIFI_DHCP_DEFAULT, WIFI_PASS_DEFAULT, DEVICE_NAME, WATCHDOG_TIMEOUT_DEFAULT, and WATCHDOG_STARTUP_DELAY_DEFAULT.",
    "2013.04.11.A:  Added 42500, 7000, 7002, 7004 to the beta section (Analog EF).",
    "2013.04.16.A:  Added WIFI_START_ADHOC.",
    "2013.04.17.A:  Changed type of AIN_EF_RESULTS_DC_OFFSET, AIN_EF_RESULTS_P2P, and AIN_EF_RESULTS_PERIOD from FLOAT to FLOAT32.",
    "2013.04.26.A:  Changed the spacing of EF registers.",
    "2013.05.22.A:  Fixed WIFI_SCAN_START address.",
    "2013.05.23.A:  Added current source cal value registers.",
    "2013.05.26.A:  Added/Updated firmware error and status codes. 2900-2999 are status codes.",
    "2013.05.30.A:  Changed WIFI_APPLY_SETTINGS to write-only.",
    "2013.06.03.A:  Added registers for global AIN settings referred to as AIN_ALL_.... Moved AIN configuration registers to make room for changing settling to a float32.",
    "2013.06.04.A:  Added registers for I2C.",
    "2013.06.06.A:  Fixed typos in I2C section found by jslint.com.  Started adding displayname and description fields.",
    "2013.06.07.A:  Synching the LJM error codes.",
    "2013.06.12.A:  Removed port mask registers.  Changed names of some stream registers.",
    "2013.06.12.B:  Removed the empty altnames",
    "2013.06.13.A:  Added AF frequency and num-samples registers. Moved TDAC reads",
    "2013.06.14.A:  Removed spaces from register names",
    "2013.06.17.A:  Some EF register names were changed due to a document conflict. Used remote version and changed back to proper names.",
    "2013.06.18.A:  More descriptions added.",
    "2013.06.18.A:  Made descriptions a string rather than a list.",
    "End Of Comments"
  ]

}
