{
	"DACRegisters": [
		{"register":"DAC0","name":"DAC0","title":"DAC0","heading":"","id":"","type":"FLOAT32","isConfig":true,"isPeriodic":true},
		{"register":"DAC1","name":"DAC1","title":"DAC1","heading":"","id":"","type":"FLOAT32","isConfig":true,"isPeriodic":true}
	],
	"startupRegList":[
		{"name":"AIN#(0:13)","type":"FLOAT32","isConfig":true,"isPeriodic":true},
		{"name":"DAC#(0:1)","type":"FLOAT32","isConfig":true,"isPeriodic":true},
		{"name":"FIO_STATE","type":"bitMask","isConfig":true,"isPeriodic":true,"storeName":"FIO#(0:7)-state"},
		{"name":"FIO_DIRECTION","type":"bitMask","isConfig":true,"isPeriodic":true,"storeName":"FIO#(0:7)-direction"},
		{"name":"EIO_STATE","type":"bitMask","isConfig":true,"isPeriodic":true,"storeName":"EIO#(0:7)-state"},
		{"name":"EIO_DIRECTION","type":"bitMask","isConfig":true,"isPeriodic":true,"storeName":"EIO#(0:7)-direction"},
		{"name":"CIO_STATE","type":"bitMask","isConfig":true,"isPeriodic":true,"storeName":"CIO#(0:7)-state"},
		{"name":"CIO_DIRECTION","type":"bitMask","isConfig":true,"isPeriodic":true,"storeName":"CIO#(0:7)-direction"},
		{"name":"MIO_STATE","type":"bitMask","isConfig":true,"isPeriodic":true,"storeName":"MIO#(0:2)-state"},
		{"name":"MIO_DIRECTION","type":"bitMask","isConfig":true,"isPeriodic":true,"storeName":"MIO#(0:2)-direction"}
	],
	"interpretRegisters":[
		{"name":"AIN#(0:13)"},
		{"name":"DAC#(0:1)"},
		{"name":"FIO#(0:7)","directionReg":"FIO_DIRECTION","stateReg":"FIO_STATE"},
		{"name":"EIO#(0:7)","directionReg":"EIO_DIRECTION","stateReg":"EIO_STATE"},
		{"name":"CIO#(0:3)","directionReg":"CIO_DIRECTION","stateReg":"CIO_STATE"},
		{"name":"MIO#(0:2)","directionReg":"MIO_DIRECTION","stateReg":"MIO_STATE"}
	],
	"REGISTER_OVERLAY_SPEC":[
		{"register":"AIN0","yLocation":0.783,"type":null,"board":"device","side":"left"},
		{"register":"AIN1","yLocation":0.757,"type":null,"board":"device","side":"left"},
		{"register":"AIN2","yLocation":0.664,"type":null,"board":"device","side":"left"},
		{"register":"AIN3","yLocation":0.639,"type":null,"board":"device","side":"left"},
		{"register":"DAC0","yLocation":0.545,"type":"dac","board":"device","side":"left"},
		{"register":"DAC1","yLocation":0.519,"type":"dac","board":"device","side":"left"},
		{"register":"FIO0","yLocation":0.426,"type":"fio","board":"device","side":"left"},
		{"register":"FIO1","yLocation":0.403,"type":"fio","board":"device","side":"left"},
		{"register":"FIO2","yLocation":0.308,"type":"fio","board":"device","side":"left"},
		{"register":"FIO3","yLocation":0.283,"type":"fio","board":"device","side":"left"},
		{"register":"AIN1","yLocation":0.89,"type":null,"board":"connector","side":"left"},
		{"register":"AIN3","yLocation":0.865,"type":null,"board":"connector","side":"left"},
		{"register":"AIN5","yLocation":0.84,"type":null,"board":"connector","side":"left"},
		{"register":"AIN7","yLocation":0.815,"type":null,"board":"connector","side":"left"},
		{"register":"AIN9","yLocation":0.79,"type":null,"board":"connector","side":"left"},
		{"register":"AIN11","yLocation":0.765,"type":null,"board":"connector","side":"left"},
		{"register":"AIN13","yLocation":0.74,"type":null,"board":"connector","side":"left"},
		{"register":"DAC0","yLocation":0.715,"type":"dac","board":"connector","side":"left"},
		{"register":"MIO1","yLocation":0.61,"type":"fio","board":"connector","side":"left"},
		{"register":"FIO0","yLocation":0.585,"type":"fio","board":"connector","side":"left"},
		{"register":"FIO2","yLocation":0.5599999999999999,"type":"fio","board":"connector","side":"left"},
		{"register":"FIO4","yLocation":0.535,"type":"fio","board":"connector","side":"left"},
		{"register":"FIO6","yLocation":0.51,"type":"fio","board":"connector","side":"left"},
		{"register":"EIO6","yLocation":0.29500000000000004,"type":"fio","board":"connector","side":"left"},
		{"register":"EIO4","yLocation":0.27,"type":"fio","board":"connector","side":"left"},
		{"register":"EIO2","yLocation":0.245,"type":"fio","board":"connector","side":"left"},
		{"register":"EIO0","yLocation":0.22,"type":"fio","board":"connector","side":"left"},
		{"register":"CIO1","yLocation":0.19499999999999998,"type":"fio","board":"connector","side":"left"},
		{"register":"CIO3","yLocation":0.16999999999999998,"type":"fio","board":"connector","side":"left"},
		{"register":"AIN0","yLocation":0.905,"type":null,"board":"connector","side":"right"},
		{"register":"AIN2","yLocation":0.88,"type":null,"board":"connector","side":"right"},
		{"register":"AIN4","yLocation":0.855,"type":null,"board":"connector","side":"right"},
		{"register":"AIN6","yLocation":0.83,"type":null,"board":"connector","side":"right"},
		{"register":"AIN8","yLocation":0.803,"type":null,"board":"connector","side":"right"},
		{"register":"AIN10","yLocation":0.778,"type":null,"board":"connector","side":"right"},
		{"register":"AIN12","yLocation":0.753,"type":null,"board":"connector","side":"right"},
		{"register":"DAC1","yLocation":0.7,"type":"dac","board":"connector","side":"right"},
		{"register":"MIO2","yLocation":0.625,"type":"dac","board":"connector","side":"right"},
		{"register":"MIO0","yLocation":0.6,"type":"dac","board":"connector","side":"right"},
		{"register":"FIO1","yLocation":0.575,"type":"dac","board":"connector","side":"right"},
		{"register":"FIO3","yLocation":0.55,"type":"dac","board":"connector","side":"right"},
		{"register":"FIO5","yLocation":0.525,"type":"dac","board":"connector","side":"right"},
		{"register":"FIO7","yLocation":0.5,"type":"dac","board":"connector","side":"right"},
		{"register":"EIO7","yLocation":0.31,"type":"fio","board":"connector","side":"right"},
		{"register":"EIO5","yLocation":0.28500000000000003,"type":"fio","board":"connector","side":"right"},
		{"register":"EIO3","yLocation":0.26,"type":"fio","board":"connector","side":"right"},
		{"register":"EIO1","yLocation":0.23500000000000001,"type":"fio","board":"connector","side":"right"},
		{"register":"CIO2","yLocation":0.185,"type":"fio","board":"connector","side":"right"},
		{"register":"CIO0","yLocation":0.16,"type":"fio","board":"connector","side":"right"}
	]
}
