{
    "T7": [{
    		"register": "ETHERNET_IP",
    		"name": "ETHERNET_IP",
    		"id": "ethernet-ip-address",
    		"isPeriodic": true,
    		"dataKey": "text"
    	},{
    		"register": "WIFI_IP",
    		"name": "WIFI_IP",
    		"id": "wifi-ip-address",
    		"isPeriodic": true,
    		"dataKey": "text"
    	},{
    		"register": "WIFI_RSSI",
    		"name": "WIFI_RSSI",
    		"id": "wifi_rssi_image",
    		"isPeriodic": true
    	},{
            "register": "TEMPERATURE_DEVICE_K",
            "name": "TEMPERATURE_DEVICE_K",
            "id": "internal-device-temperature",
            "isPeriodic": true,
            "dataKey": "val"
        },{
            "register": "RTC_TIME_S",
            "name": "RTC_TIME_S",
            "id": "rtc-time",
            "isPeriodic": true,
            "dataKey": "rtcTime"
        }
    ],
    "Digit": [{
            "register": "DGT_LIGHT_RAW",
            "name": "DGT_LIGHT_RAW",
            "id": "internal-device-temperature",
            "isPeriodic": true,
            "dataKey": "val"
        }
    ]
}
