[
    {"name": "FIO0 / DIO0", "register": 2000},
    {"name": "FIO1 / DIO1", "register": 2001},
    {"name": "FIO2 / DIO2", "register": 2002},
    {"name": "FIO3 / DIO3", "register": 2003},
    {"name": "FIO4 / DIO4", "register": 2004},
    {"name": "FIO5 / DIO5", "register": 2005},
    {"name": "FIO6 / DIO6", "register": 2006},
    {"name": "FIO7 / DIO7", "register": 2007},
    {"name": "EIO0 / DIO8", "register": 2008},
    {"name": "EIO1 / DIO9", "register": 2009},
    {"name": "EIO2 / DIO10", "register": 2010},
    {"name": "EIO3 / DIO11", "register": 2011},
    {"name": "EIO4 / DIO12", "register": 2012},
    {"name": "EIO5 / DIO13", "register": 2013},
    {"name": "EIO6 / DIO14", "register": 2014},
    {"name": "EIO7 / DIO15", "register": 2015},
    {"name": "CIO0 / DIO16", "register": 2016},
    {"name": "CIO1 / DIO17", "register": 2017},
    {"name": "CIO2 / DIO18", "register": 2018},
    {"name": "CIO3 / DIO19", "register": 2019},
    {"name": "MIO0 / DIO20", "register": 2020},
    {"name": "MIO1 / DIO21", "register": 2021},
    {"name": "MIO2 / DIO22", "register": 2022}
]